Month,Year,Time
2,2024,09:00:00
2,2024,09:05:00
2,2024,09:10:00
2,2024,09:15:00
2,2024,09:20:00
2,2024,09:25:00
2,2024,09:30:00
2,2024,09:35:00
2,2024,09:40:00
2,2024,09:45:00
2,2024,09:50:00
2,2024,09:55:00
2,2024,10:00:00
2,2024,10:05:00
2,2024,10:10:00
2,2024,10:15:00
2,2024,10:20:00
2,2024,10:25:00
2,2024,10:30:00
2,2024,10:35:00
2,2024,10:40:00
2,2024,10:45:00
2,2024,10:50:00
2,2024,10:55:00
2,2024,11:00:00
2,2024,11:05:00
2,2024,11:10:00
2,2024,11:15:00
2,2024,11:20:00
2,2024,11:25:00
2,2024,11:30:00
2,2024,11:35:00
2,2024,11:40:00
2,2024,11:45:00
2,2024,11:50:00
2,2024,11:55:00
2,2024,12:00:00
2,2024,12:05:00
2,2024,12:10:00
2,2024,12:20:00
2,2024,12:25:00
2,2024,12:30:00
2,2024,12:35:00
2,2024,12:40:00
2,2024,12:45:00
2,2024,12:50:00
2,2024,12:55:00
2,2024,13:00:00
